武汉 湖北,维权,2209,2024-03-04,and,3月8日，湖北省武汉市，武汉市江夏国控市政建设集团有限公司承建江夏乡村振兴农民就业基地（一期）B地块,一期一标段，居民聚集维权。居民反映：电池厂的建造选址就位于小区旁边隔壁200米。
黄冈 湖北,投诉,1450,2024-03-05,and,黄冈市罗田县居民反映自来水浑浊问题，要求相关部门尽快解决水质安全。
襄阳 湖北,维权,800,2024-03-06,and,襄阳市樊城区某楼盘延期交房，业主集体要求退房赔偿。
长沙 湖南,求助,1200,2024-03-07,and,长沙某校学生求助，关于住宿费退费流程不透明。
呼和浩特 内蒙古,建议,300,2024-03-08,and,市民建议增加共享单车投放点。
台北 台湾,维权,500,2024-03-09,and,市民抗议公共设施老化问题。
广州 广东,投诉,1800,2024-03-11,and,广州市天河区居民反映夜间施工噪音扰民，严重影响正常休息。
成都 四川,维权,2100,2024-03-12,and,成都市高新区某长租公寓爆雷，租客和房东聚集要求退还押金和租金。
杭州 浙江,建议,650,2024-03-13,and,市民建议在地铁换乘站增加无障碍电梯，方便老年人和残障人士出行。
西安 陕西,求助,900,2024-03-14,and,未央区部分老旧小区近期停水停电频发，居民求助解决基础设施老化问题。
郑州 河南,维权,3200,2024-03-18,and,某制造工厂拖欠工人近三个月工资，工人聚集要求相关部门介入讨薪。
深圳 广东,投诉,1500,2024-03-19,and,多名外卖骑手投诉平台随意扣罚派送费，要求优化派单和考核算法。
合肥 安徽,求助,400,2024-03-20,and,部分高校应届毕业生求助，称被某科技公司试用期无故辞退且未给任何补偿。
南京 江苏,建议,750,2024-03-21,and,市民建议增加灵活就业人员的社保补贴渠道和线下办理网点。
--
北京 北京,维权,2800,2024-03-25,and,海淀区某知名连锁早教机构突然闭店跑路，家长集体登记要求退还预交学费。
上海 上海,投诉,1350,2024-03-26,and,多名消费者集中投诉某电商平台大促期间“先涨后降”，涉嫌虚假宣传和价格欺诈。
武汉 湖北,求助,600,2024-03-27,and,大学生求助，在二手交易平台购买电子产品遭遇连环诈骗，希望相关部门加快处理。
济南 山东,建议,450,2024-03-28,and,家长建议市场监管局规范中小学周边文具店售卖的“盲盒”类产品，避免诱导未成年人消费。
重庆 重庆,投诉,1100,2024-03-29,and,渝北区居民反映某化工厂夜间疑似偷排废气，导致周边空气经常伴有刺鼻异味。
苏州 江苏,建议,850,2024-03-30,and,市民建议在早晚高峰时段增加工业园区主干道的公交车班次，缓解通勤拥堵。
大连 辽宁,维权,1600,2024-03-31,and,某小区地下车库因暴雨倒灌导致多辆私家车受损，业主联名要求物业公司承担赔偿责任。
昆明 云南,求助,500,2024-04-01,and,部分农户求助，近期极端冰雹天气导致花卉等经济作物受损严重，希望能申请农业防灾减灾补贴。
南京 江苏,维权,269,2026-03-08,nan,3月6日，江苏省南京市，家长聚集维权，家长反映：培训机构老板前天还在收取家长费用昨天下午就消失了，愤怒的家长们直接到教育机构将老板堵住要求退回缴纳的费用。
 ,观点,762,2026-03-08,https://x.com/whyyoutouzhele/status/2030659806332350849,最近，网上流传一则“体制内躺平岗位排名” 人民日报怒批：这是误导，公务员的真实日常是顶着烈日跑田坎，反复解释政策，随时应急处置。那些鼓吹清闲的，炒作躺平岗位的，不是蠢就是坏。 网友们表示：“主持人是怎么忍住不笑的” “求你了，让我去烟草局顶着烈日跑田坎吧”
天津 天津,观点,631,2026-03-08,https://x.com/whyyoutouzhele/status/2030664839040045347,3月7日，天津，一辆面包车车尾贴着： 致同胞：在民族大义，家仇国恨面前，请放下你我的利益纷争，奋起抵抗入侵外敌，因为你我皆为炎黄子孙，华夏儿女，同为中国人。犯我中华者虽远必诛 视频发出后，弹幕网友纷纷表示：“远离盘盘”“空谈大义，临阵必变节”
南宁 广西壮族自治区,流行,365,2026-03-08,https://x.com/whyyoutouzhele/status/2030669872607424850,3月6日，南宁西乡塘区蓝天学校开家长会。期间台上的老师说了一句“ok~呦西~” 随后，评论区的数千名网友 纷纷质疑该老师是“日本间谍”，呼吁拨打“12339”让国安严查
--
来宾 广西壮族自治区,维权,146,2026-03-09,https://x.com/whyyoutouzhele/status/2030778227036209437,3月5日，广西省来宾市武宣县禄新乡古杭村，村民维权，村民反映，村委在村民不知情的情况下将土地出售，愤怒的村民占领工地维权。
龙岩 福建,劳工,141,2026-03-09,https://x.com/whyyoutouzhele/status/2030740839975010461,3月3日，福建省龙岩市武平县。福建创隆纺织有限公司。工人聚集维权，工人反映：自
吉安 江西,维权,141,2026-03-10,https://x.com/whyyoutouzhele/status/2031263790692708853,江西吉安一建筑设备公司发文讨要欠款：称中建七局（上海）拖欠租赁费近300万元已两年 3月9日，江西吉安一家建筑设备公司通过公开发文反映工程款拖欠问题。
 ,教育,199,2026-03-09,https://x.com/whyyoutouzhele/status/2030690010291188066,3月7日，语辰妈妈发出了前往学校维权的视频，视频中维权的家属前往学校学校为女儿讨要公道时遭到校内保安的推搡，家属直接摔倒在了地上，耳朵出血。
 ,,132,2026-03-11,https://x.com/whyyoutouzhele/status/2031656382278033788,“两会唯一个拒绝记者采访的代表” 3月10日，据国内媒体报道，凤凰卫视记者在两会现场采访少林寺现任主持印乐法师，怎么看释永信案，印乐法师一把推开记者的话筒，拒绝接受采访。
以色列 以色列,国际,165,2026-03-10,https://x.com/whyyoutouzhele/status/2031377034346377246,3月9日，中国驻以色列大使馆发布提醒：9日中午，以色列中部地区遭集束弹头导弹袭击，有2名外籍工人（中亚国籍和阿拉伯国籍）在建筑工地现场室内作业时被集束弹药击中身亡。
海南 海南,劳工,151,2026-03-09,https://x.com/whyyoutouzhele/status/2030705110108848301,3月7日，海南，中国化学海南控股。欠薪，工人反映：去年的工资到现在还没给，现在过来要老板却不管，电话拒接信息不回。 3月7日，四川省成都市青羊区苏坡东路12号2栋5层1号，四川大晶装饰有限公司。欠薪，工人讨薪。
北京 北京,上访,188,2026-03-09,https://x.com/whyyoutouzhele/status/2031014646912549247,#赛博信访局 近期的北京信访机构纪实
廊坊 河北,教育,158,2026-03-10,https://x.com/whyyoutouzhele/status/2031369487598104696,http:// 611Study.ICU 河北省三河市第一中学学生投稿：学校存在教师违规收取钱财的情况，将所谓“重点班”学位公开标价。其中，条件最好的重点班需缴纳约1万元，次一级重点班需缴纳约5000元。 部分学生或家长通过向教导主任行贿、托关系等方式获得重点班名额。
伊朗 伊朗,国际,149,2026-03-09,https://x.com/whyyoutouzhele/status/2030935372105228622,外交部回应伊朗宣布新任最高领袖：伊方基于本国宪法作出的决定 3月9日，外交部发言人郭嘉昆主持例行记者会。有记者就伊朗宣布穆杰塔巴为伊朗新任最高领袖一事提问。 对此，郭嘉昆表示，我们注意到有关报道，这是伊方基于本国宪法作出的决定。
深圳 广东,经济,212,2026-03-09,https://x.com/whyyoutouzhele/status/2030820867391828274,近日，深圳市龙岗区人工智能（机器人）署发布《深圳市龙岗区支持OpenClaw&OPC发展的若干措施（征求意见稿）》，提出多项扶持政策推动相关产业发展。 措施包括：支持平台免费提供OpenClaw部署服务，对贡献关键代码、开发产业技能包及具身智能应用项目最高补贴200万元。
株洲 湖南,案事件,154,2026-03-11,https://x.com/whyyoutouzhele/status/2031565792454566202,湖南株洲一男子申请信息公开未获回复：三封信寄至同一办公楼仅教育局称未收到 近日，湖南省株洲市男子李明，因其父亲的死亡待遇被攸县教育局以攸改发(2020)1号文件为由剥夺申领，不服向攸县教育局申请政府信息公开，三封信送达同一栋楼只有攸县教育局以未收到未答复。
安徽 安徽,案事件,176,2026-03-09,https://x.com/whyyoutouzhele/status/2030825902339215653,3月8日，安徽堰口镇。网友反映称，他们一家持有合法的建房手续，却在施工过程中遭到村干部和当地“村霸邻居”的阻挠，对方以各种理由索要钱财，否则不允许继续施工。 该网友表示，去年为了顺利建房，他们曾给“邻居”4000元，又给了村干部800元。可房子建成后，今年3月，村干部又再次向他们索要钱财。
土耳其 土耳其,国际,233,2026-03-09,https://x.com/whyyoutouzhele/status/2030999544549543945,3月9日， 土耳其国防部宣布，伊朗再次向土耳其发射一枚弹道导弹，该导弹被北约防空系统拦截，未造成人员伤亡。
 ,案事件,192,2026-03-10,https://x.com/whyyoutouzhele/status/2031288951512936611,网友投稿：3月9日，最高法报告：依法撤销997名不适格父母监护人资格，对抢夺、藏匿未成年子女的父母依法发出人格权侵害禁令435份，同比分别增长66.7%、90.8%。
蔡奇 蔡奇,,204,2026-03-10,https://x.com/whyyoutouzhele/status/2031276368462233753,3月10日，习近平、李强、赵乐际、王沪宁、蔡奇、丁薛祥、李希、韩正 等来到八宝山革命公墓，向宋平作最后送别。胡锦涛送花圈，对宋平逝世表示哀悼。
 ,劳工,189,2026-03-11,https://x.com/whyyoutouzhele/status/2031621140469162064,尽管“2026年全国邮政工作会议”声称要整治快递行业的“内卷式”竞争，管理快递公司恶性降价， 但在全国各地，因快递公司压榨员工，大量末端的不同公司的快递员在社媒上 抱怨 派件单费持续下降、收入被压缩，导致大量快递员辞职、罢工。甚至连很多快递网点也都因为经营压力过大而倒闭、老板跑路。
济南 山东,劳工,235,2026-03-09,https://x.com/whyyoutouzhele/status/2030760469926232357,3月6日，山东省济南市市中区，一名编外教师发帖表示：工资停发，社保断缴。他表示：很有可能拖着拖着就停发了，也有可能工资不发了，表现做出让步，说把社保维持住！说是断缴可以补缴，可是市中区的知道咱们为啥断缴了，人家其他区可不认啊。
 ,劳工,280,2026-03-09,https://x.com/whyyoutouzhele/status/2030780605399728368,3月7日，制衣行业进入旺季，各大制衣厂老板们拿着衣服站在劳务市场招人，但是大部分求职者都在观望，即使一天五百都很难招到人。 评论区抱怨声一片：“全是骗局，做了几天，老板故意刁难别人，把别人骗进去白做工几天，把你赶走了再招新人” “招不到只有一个原因，工价低”
江苏 江苏,劳工,352,2026-03-09,https://x.com/whyyoutouzhele/status/2030735304336781474,3月7日，江苏。一名车主反映称，他的埃安霸王龙电车后备箱位置有两颗螺丝没拧紧。他怀疑是两班倒的员工，在凌晨两三点迷迷糊糊的状态下装了他这台车。 网友回复：“可能是劳务派遣的临时工或大学生，两班倒带着怨气装了你这台车” “牛马带着怨气干的活儿” “给什么工资干什么活”
台湾 台湾,案事件,183,2026-03-10,https://x.com/whyyoutouzhele/status/2031142999225413911,据央视新闻消息，最高人民法院工作报告披露，台湾“八旗文化”出版社总编辑富察（本名李延贺）因煽动分裂国家罪被依法判刑。法院审理认定其相关行为构成犯罪，判处有期徒刑三年。当事人在宣判时当庭表示服法认罪。
伊朗 伊朗,国际,168,2026-03-11,https://x.com/whyyoutouzhele/status/2031429881536336202,特朗普回应“伊朗使用战斧导弹袭击学校”争议：相关情况仍在调查
 ,,246,2026-03-09,https://x.com/whyyoutouzhele/status/2030969349381493079,网友投稿：
北京 北京,上访,302,2026-03-09,https://x.com/whyyoutouzhele/status/2031002061744275697,3月8日，北京，中国石油天然气集团有限公司信访接待室。 访民反映，自己前去上访时想要来访登记表，却遭到领导拒绝。对方称按照条例一个月才给一次信访登记表。 访民随后前往办公室询问这是依据哪一条款规定的，但对方始终左右而言他。
广州 广东,劳工,192,2026-03-11,https://x.com/whyyoutouzhele/status/2031535038982967794,3月10日，广州市嘉富士鞋业有限公司一名员工实名举报称，公司无故辞退员工且未为员工缴纳社保。该员工还晒出自己将《被迫解除劳动通知书》通过邮寄和电子版发送给公司的过程。
济南 山东,教育,197,2026-03-10,https://x.com/whyyoutouzhele/status/2031278888202961204,网友投稿：山东济南力明科技职业学院，在春招前四天时，要求缴费1500才提供职业技能复习，否则不给上课，并向家长多次骚扰，不给钱不上课。 在此之前，三年来此类情况经常发生，学生多次举报后无果。
美国 美国,国际,284,2026-03-10,https://x.com/whyyoutouzhele/status/2031361933291503764,3月10日，特朗普在回答记者提问时表示，美国正在为中国等国家保障石油运输通道的安全，并称自己与中国国家主席习近平关系很好，“过一阵子还会去中国”。
深圳 广东,案事件,297,2026-03-09,https://x.com/whyyoutouzhele/status/2030976240392323526,据《地产资管界》报道：知名投资大佬坠楼身亡。 近日，深圳市高新投集团有限公司党委书记、董事长邵钢于2026年2月下旬意外离世，享年54岁。 据财新引述知情人士报道，邵钢为坠楼离世，初步了解系抑郁症发作，属于个人悲剧，目前不涉及职务问题。
以色列 以色列,国际,270,2026-03-10,https://x.com/whyyoutouzhele/status/2031324197050577263,3月9日，一名博主撕开了部分媒体“制造新闻”的遮羞布。 以色列记者询问特朗普何时结束对伊朗的军事行动。 特朗普回应：这一决定需要与以色列总理共同决定，自己占主导；至于具体时间，“会在合适的时候结束”。
北京 北京,国际,288,2026-03-10,https://x.com/whyyoutouzhele/status/2031248690547916859,3月9日，据路透社援引三名知情消息，此次习特会，中方不满特朗普政府对此次峰会的仓促安排。在通常情况下，此类峰会需要数月的精心准备。 两名消息人士称，华盛顿迟至近日才开始为此次访问举行工作层面的跨部门筹备会议，而北京方面期望此次访问是经过精心策划的。习特会求“稳”料难有突破。
昆明 云南,劳工,220,2026-03-11,https://x.com/whyyoutouzhele/status/2031641276588679654,3月10日，云南省昆明市盘龙区，落索坡，申通快递，欠薪，工人反映：辛辛苦苦上班一万多元一个月的工资说扣就扣。
 ,案事件,365,2026-03-11,https://x.com/whyyoutouzhele/status/2031512928030228638,网友投稿奈飞小铺跑路后续： 在事件引发舆情后，奈飞小铺在工单页面新增了购买人水印，用于追查维权人或曝光的购买者。
北京 北京,上访,316,2026-03-09,https://x.com/whyyoutouzhele/status/2030946697753366684,3月7日，北京。天上正下着大雪，访民们蜷缩着身体挤坐在一起，衣服和雨伞上已堆满积雪，仍在寒风中坚持排队。
酒泉 甘肃,民生,235,2026-03-11,https://x.com/whyyoutouzhele/status/2031575842283774083,3月9日，甘肃敦煌。网友在路边随机采访一名环卫工人，询问工资情况。该工人称自己月薪2400元，每天工作八个半小时，全年无休。
伊朗 伊朗,国际,456,2026-03-10,https://x.com/whyyoutouzhele/status/2031049727874072882,川普表示，已就伊朗女子足球队的庇护问题与澳大利亚总理通话。 目前5名脱离球队的球员已经被妥善安排，但其他一些球员则担心家人的安全，如果自己不回去，伊朗政府可能会威胁她们在国内的家人。
大同 山西,观点,374,2026-03-09,https://x.com/whyyoutouzhele/status/2030924047228268656,“清朗行动下，算法全自动「稳中向好」，提前实现大同” 3月8日，一名博主总结，如今四类视频在平台上越来越少见，往往容易被限流下架。 1：诉苦唱衰，现在国家经济“稳中向好”，你非要说苦不堪言。 2：反映社会矛盾，现在明明是社会和谐，人人有爱，结果你非要说欠薪、拆迁、城管....
 ,卫生,278,2026-03-11,https://x.com/whyyoutouzhele/status/2031719287539323010,“命悬一线还要“先献血”？家属献400ml后患者才获输血” 网友投稿：其母亲因严重贫血突发头痛晕倒，被紧急送往医院急诊抢救。经检查，血红蛋白仅为正常人的约三分之一，情况十分危急，需要立即进行输血治疗。
上海 上海,案事件,288,2026-03-10,https://x.com/whyyoutouzhele/status/2031331738048196857,3月9日，上海。乾泽园小区业主邱先生反映，自己因举报小区内存在违建问题，疑似遭到被举报人“开盒”。 邱先生称，在投诉后不久便接到对方电话，对方直接询问：“是不是你投诉的？能不能把投诉撤掉？” 邱先生表示，“我不投诉没人处理，我投诉了，反倒先处理我了”
防城港 广西壮族自治区,观点,481,2026-03-09,https://x.com/whyyoutouzhele/status/2030695037991096331,“社会写实” 3月7日，广西防城港。网友拍视频讽刺当下的“工程验收”：验收人员用卷尺测量地基厚度，质问施工人员“这水泥哪里有30公分？” 随后，施工人员把一叠钞票递到卷尺下，说“哪里没有，刚刚好。”验收人员随即表示：“可以了，够30公分了。” 视频发出后弹幕网友纷纷表示：“《社会写实》这门课”
苏州 江苏,民生,370,2026-03-09,https://x.com/whyyoutouzhele/status/2030886299746377894,『苏州地铁』降本增效之下 重商业轻服务？市民提出建议 竟靠拉黑解决？ 近日，受大环境影响，苏州地铁开启了降本增效模式，例如车站灯光调暗，同时车站新增了书店、餐厅、健身房等商业设施。 3月7日，苏州市一热心市民质疑，苏州地铁关灯比例超过一半，导致候车区域光线不足，给市民出行带来不便。
上海 上海,民生,348,2026-03-09,https://x.com/whyyoutouzhele/status/2030961797164130520,3月8日，上海。一名拾荒者蜷缩睡在路边，而他身后的墙上，赫然写着四个字“幸福人生” 3月8日，深圳。一名环卫工看着面前驶过的无人扫地车，满脸疑惑。 有网友感叹：老人的饭碗被机器取代，但他们既难以享受到AI带来的便利，下岗后能依靠的养老金也往往只有几百元。
广东 广东,教育,384,2026-03-10,https://x.com/whyyoutouzhele/status/2031158093699232062,网友投稿：广东某小学，开学一周了，语文课本至今没发，学生使用的是临时打印教材，学校对此也没有任何解释。
霍尔木兹海峡 霍尔木兹海峡,国际,398,2026-03-10,https://x.com/whyyoutouzhele/status/2031281401899991417,多艘船只被曝“关闭应答器”穿越霍尔木兹海峡 3月9日，据多家媒体及船舶追踪数据显示，在中东局势持续紧张的背景下，近期已有部分船只开始尝试穿越 霍尔木兹海峡。有报道称，一些船舶在进入海峡前会关闭自动识别系统（AIS）应答器，在通过海峡后再重新开启，以避免航行过程中被实时追踪。
伊朗 伊朗,国际,293,2026-03-11,https://x.com/whyyoutouzhele/status/2031671477398102271,美战争部长：将对伊朗发动最猛烈打击。 3月10日，美国战争部长赫格塞斯表示，美国今天将加强攻击伊朗，发动自10天前开战以来最猛烈的打击。战斗机最多，轰炸机最多，空袭次数最多。情报比以往任何时候都更精确、更完善。
屏后 屏后,,254,2026-03-11,https://x.com/whyyoutouzhele/status/2031570808792035649,日前，有网友曝光，一些人将新购买的 iPhone 屏幕更换为第三方廉价屏后，再利用苹果14天无理由退货政策将手机退回，导致苹果不得不调整售后规则。目前，退货设备需统一返厂检测后才能退款。
--
 ,,57,2026-03-13,https://x.com/whyyoutouzhele/status/2032396210838139167,勘误：火锅店名字是“山缓缓”
 ,,86,2026-03-11,https://x.com/whyyoutouzhele/status/2031624663387045984,拍摄
 ,,98,2026-03-11,https://x.com/whyyoutouzhele/status/2031486737298464859,È una svolta storica.
武汉 湖北,,52,2026-03-13,https://x.com/whyyoutouzhele/status/2032433998694174894,3月12日，武汉大学图书馆事件当事人杨景媛自称已“考上”，“美美成为公务员”。
武汉 湖北,卫生,116,2026-03-12,https://x.com/whyyoutouzhele/status/2032007394776285424,武汉电池厂与幼儿园距离实拍，两者仅相距200多米
来宾 广西壮族自治区,维权,146,2026-03-09,https://x.com/whyyoutouzhele/status/2030778227036209437,3月5日，广西省来宾市武宣县禄新乡古杭村，村民维权，村民反映，村委在村民不知情的情况下将土地出售，愤怒的村民占领工地维权。
 ,,132,2026-03-11,https://x.com/whyyoutouzhele/status/2031656382278033788,“两会唯一个拒绝记者采访的代表” 3月10日，据国内媒体报道，凤凰卫视记者在两会现场采访少林寺现任主持印乐法师，怎么看释永信案，印乐法师一把推开记者的话筒，拒绝接受采访。
吉安 江西,劳工,141,2026-03-10,https://x.com/whyyoutouzhele/status/2031263790692708853,江西吉安一建筑设备公司发文讨要欠款：称中建七局（上海）拖欠租赁费近300万元已两年 3月9日，江西吉安一家建筑设备公司通过公开发文反映工程款拖欠问题。
长沙 湖南,维权,133,2026-03-14,https://x.com/whyyoutouzhele/status/2032798963288465626,勘误：事情起因是湖南省长沙古潭街强行征收房屋，而非征收摊位费
龙岩 福建,维权,141,2026-03-09,https://x.com/whyyoutouzhele/status/2030740839975010461,3月3日，福建省龙岩市武平县。福建创隆纺织有限公司。工人聚集维权，工人反映：自
以色列 以色列,国际,165,2026-03-10,https://x.com/whyyoutouzhele/status/2031377034346377246,3月9日，中国驻以色列大使馆发布提醒：9日中午，以色列中部地区遭集束弹头导弹袭击，有2名外籍工人（中亚国籍和阿拉伯国籍）在建筑工地现场室内作业时被集束弹药击中身亡。
株洲 湖南,,154,2026-03-11,https://x.com/whyyoutouzhele/status/2031565792454566202,湖南株洲一男子申请信息公开未获回复：三封信寄至同一办公楼仅教育局称未收到 近日，湖南省株洲市男子李明，因其父亲的死亡待遇被攸县教育局以攸改发(2020)1号文件为由剥夺申领，不服向攸县教育局申请政府信息公开，三封信送达同一栋楼只有攸县教育局以未收到未答复。
贵州 贵州,,159,2026-03-13,https://x.com/whyyoutouzhele/status/2032124460287824326,3月11日，“上官正义”发视频表示自己很安全，并感谢大家的关心。 他还透露了最近的情况：3月5日，在向贵州修文当地反映的养猪场事件中，那名身份不明的残障人员已找到亲人。
廊坊 河北,教育,158,2026-03-10,https://x.com/whyyoutouzhele/status/2031369487598104696,http:// 611Study.ICU 河北省三河市第一中学学生投稿：学校存在教师违规收取钱财的情况，将所谓“重点班”学位公开标价。其中，条件最好的重点班需缴纳约1万元，次一级重点班需缴纳约5000元。 部分学生或家长通过向教导主任行贿、托关系等方式获得重点班名额。
济南 山东,劳工,131,2026-03-13,https://x.com/whyyoutouzhele/status/2032154659390169174,3月11日，山东省济南市 段店片区B-1-3东地块九年一贯制学校，欠薪工人 堵工地门讨薪 。
 ,维权,199,2026-03-09,https://x.com/whyyoutouzhele/status/2030690010291188066,3月7日，语辰妈妈发出了前往学校维权的视频，视频中维权的家属前往学校学校为女儿讨要公道时遭到校内保安的推搡，家属直接摔倒在了地上，耳朵出血。
北京 北京,上访,188,2026-03-09,https://x.com/whyyoutouzhele/status/2031014646912549247,#赛博信访局 近期的北京信访机构纪实
海南 海南,劳工,151,2026-03-09,https://x.com/whyyoutouzhele/status/2030705110108848301,3月7日，海南，中国化学海南控股。欠薪，工人反映：去年的工资到现在还没给，现在过来要老板却不管，电话拒接信息不回。 3月7日，四川省成都市青羊区苏坡东路12号2栋5层1号，四川大晶装饰有限公司。欠薪，工人讨薪。
沧州 河北,劳工,133,2026-03-13,https://x.com/whyyoutouzhele/status/2032139556309660017,3月10日，河北省沧州市运河区浮阳北大道百丰瑞府 欠薪，工人在办公室讨薪。 3月11日，湖北省黄冈市黄州区明珠大道69号中州慧谷壹层1F-11号，星程酒店（黄冈师范学院店）欠薪，工人堵门讨薪。工人堵门讨薪。 3月11日，天津市，中铁集团融商智能制造产业园项目部。欠薪，工人在工地门口摆花圈讨薪。
武汉 湖北,维权,178,2026-03-12,https://x.com/whyyoutouzhele/status/2032109367412072511,3月10日，湖北省武汉市黄陂区，村民们的维权仍在继续。
湖南 湖南,案事件,163,2026-03-12,https://x.com/whyyoutouzhele/status/2031943263066996809,3月11日，湖南一名律师称，来自云南的杨徐邱被错误羁押17年，重获自由后申请国赔1911万元。 但这事之后便没有下文，媒体也没有报道杨徐邱后续有没有拿到赔偿金。 律师表示：杨徐邱今年已经77岁了，如果还没拿到赔偿金，求法院快点执行吧，按照目前人均寿命79岁来算的话，他的生命几乎已经走到了尽头。
 ,案事件,192,2026-03-10,https://x.com/whyyoutouzhele/status/2031288951512936611,网友投稿：3月9日，最高法报告：依法撤销997名不适格父母监护人资格，对抢夺、藏匿未成年子女的父母依法发出人格权侵害禁令435份，同比分别增长66.7%、90.8%。
伊朗 伊朗,国际,149,2026-03-09,https://x.com/whyyoutouzhele/status/2030935372105228622,外交部回应伊朗宣布新任最高领袖：伊方基于本国宪法作出的决定 3月9日，外交部发言人郭嘉昆主持例行记者会。有记者就伊朗宣布穆杰塔巴为伊朗新任最高领袖一事提问。 对此，郭嘉昆表示，我们注意到有关报道，这是伊方基于本国宪法作出的决定。
 ,劳工,189,2026-03-11,https://x.com/whyyoutouzhele/status/2031621140469162064,尽管“2026年全国邮政工作会议”声称要整治快递行业的“内卷式”竞争，管理快递公司恶性降价， 但在全国各地，因快递公司压榨员工，大量末端的不同公司的快递员在社媒上 抱怨 派件单费持续下降、收入被压缩，导致大量快递员辞职、罢工。甚至连很多快递网点也都因为经营压力过大而倒闭、老板跑路。
土耳其 土耳其,国际,233,2026-03-09,https://x.com/whyyoutouzhele/status/2030999544549543945,3月9日， 土耳其国防部宣布，伊朗再次向土耳其发射一枚弹道导弹，该导弹被北约防空系统拦截，未造成人员伤亡。
深圳 广东,经济,212,2026-03-09,https://x.com/whyyoutouzhele/status/2030820867391828274,近日，深圳市龙岗区人工智能（机器人）署发布《深圳市龙岗区支持OpenClaw&OPC发展的若干措施（征求意见稿）》，提出多项扶持政策推动相关产业发展。 措施包括：支持平台免费提供OpenClaw部署服务，对贡献关键代码、开发产业技能包及具身智能应用项目最高补贴200万元。
安徽 安徽,民生,176,2026-03-09,https://x.com/whyyoutouzhele/status/2030825902339215653,3月8日，安徽堰口镇。网友反映称，他们一家持有合法的建房手续，却在施工过程中遭到村干部和当地“村霸邻居”的阻挠，对方以各种理由索要钱财，否则不允许继续施工。 该网友表示，去年为了顺利建房，他们曾给“邻居”4000元，又给了村干部800元。可房子建成后，今年3月，村干部又再次向他们索要钱财。
蔡奇 蔡奇,,204,2026-03-10,https://x.com/whyyoutouzhele/status/2031276368462233753,3月10日，习近平、李强、赵乐际、王沪宁、蔡奇、丁薛祥、李希、韩正 等来到八宝山革命公墓，向宋平作最后送别。胡锦涛送花圈，对宋平逝世表示哀悼。
北京 北京,教育,182,2026-03-12,https://x.com/whyyoutouzhele/status/2032023793795756285,http:// 611.ICU 北京大学附属中学海口学校严重违规办学：
北京 北京,案事件,195,2026-03-12,https://x.com/whyyoutouzhele/status/2032003663733121374,近日，有消息称，北京盈科律所存在重大资金风险，律所负责人“老梅”（即梅某荣，盈科律所党委书记、主任）挪用律所律师费用于对外融资，并违规提供担保，目前已形成约40亿元的资金窟窿。 北京市司法局、北京市律师协会已联合进驻盈科律所开展全面调查，梅某荣已前往相关部门自首。
市辖区 上海,上访,172,2026-03-12,https://x.com/whyyoutouzhele/status/2032043926287261765,更多详细细节和视频补充：2025年1月26日至2026年3月11日，上海市宝山区张庙街道泗塘二村居民反映，当局在未与居民签约的情况下对其住宅实施强拆。 监控视频显示，政府工作人员与保安先破坏居民家中的摄像头，随后踹坏屋内房门，将一家人强行拖出住所。
宜春 江西,劳工,155,2026-03-13,https://x.com/whyyoutouzhele/status/2032184856331845925,3月11日，江西省宜春市丰城市，昌城服装，工人反映：老板连夜搬厂欠薪跑路，工人前往人力资源和社会保障局要求政府协助介入讨薪。 3月11日，广东省深圳市罗湖区梅园路蓬客精品酒店西侧约30米，欠薪，工人讨薪。
市辖区 上海,上访,200,2026-03-12,https://x.com/whyyoutouzhele/status/2032038893034618948,3月11日早上8:30左右，上海市闵行区浦江镇一名拆迁户在浦江线与8号线沈杜公路地铁站阻挠轨道抗议，其外套上写有“浦江镇 还我土地 还我房屋”。 据悉，该人随后已被警方带走并拘留。
盐城 江苏,教育,119,2026-03-13,https://x.com/whyyoutouzhele/status/2032401280975647051,网友投稿：盐城师范学院 发布公告开始限制openclaw
济南 山东,教育,235,2026-03-09,https://x.com/whyyoutouzhele/status/2030760469926232357,3月6日，山东省济南市市中区，一名编外教师发帖表示：工资停发，社保断缴。他表示：很有可能拖着拖着就停发了，也有可能工资不发了，表现做出让步，说把社保维持住！说是断缴可以补缴，可是市中区的知道咱们为啥断缴了，人家其他区可不认啊。
 ,劳工,166,2026-03-13,https://x.com/whyyoutouzhele/status/2032484328152912047,3月12日，一博主教农民工通过收集证据并集体向劳动监察部门举报的方式进行维权 农民工工资拖欠，最快解决办法是掌握包工头姓名、联系方式及沟通记录，最好还要知道上家公司名称、负责人及联系方式、开发建设项目名称等，然后班组一起到劳动监察投诉，把上述人和公司列为举报对象。
伊拉克 伊拉克,国际,156,2026-03-13,https://x.com/whyyoutouzhele/status/2032378757672288418,3月13日，美国中央司令部通报，一架美军 KC-135空中加油机在任务中失事。事件共涉及两架飞机，其中一架在伊拉克西部坠毁，另一架则安全降落。此次坠机并非由敌方火力或友军误击造成。
伊朗 伊朗,国际,168,2026-03-11,https://x.com/whyyoutouzhele/status/2031429881536336202,特朗普回应“伊朗使用战斧导弹袭击学校”争议：相关情况仍在调查
洛阳 河南,上访,137,2026-03-14,https://x.com/whyyoutouzhele/status/2032562344228958641,3月11日，河南省洛阳市，华夏万城建工集团有限公司，承建洛龙区八里堂城中村改造项目工程，欠薪，工人用搅拌车堵门讨薪。 3月12日，湖南省株洲市，湖南省第五工程有限公司，欠薪，工人跳楼讨薪。
南方人 南方人,教育,125,2026-03-13,https://x.com/whyyoutouzhele/status/2032406314199216398,春招期间，应届毕业生纷纷发帖表示，校方为了提高就业率，纷纷逼迫学生签“三方协议”。 有网友称，学校有时甚至威胁，不签就不给过政审。 还有网友表示，学校强制所有未签三方协议的学生回校进行“就业汇报”，但自己是南方人，从南方跑回东北路费昂贵，而且在南方还有事业编考试需要准备。
广州 广东,劳工,192,2026-03-11,https://x.com/whyyoutouzhele/status/2031535038982967794,3月10日，广州市嘉富士鞋业有限公司一名员工实名举报称，公司无故辞退员工且未为员工缴纳社保。该员工还晒出自己将《被迫解除劳动通知书》通过邮寄和电子版发送给公司的过程。
榆林 陕西,维权,175,2026-03-13,https://x.com/whyyoutouzhele/status/2032481811800936612,3月12日，陕西省榆林市府谷县。村民反映：付崖尧宏华煤矿强占农民土地。宏华煤矿拿不出任何手续，抢占老百姓土地，签订的三方协议。也单方面撕毁，甚至雇佣不明人员强行将维权的村民直接架走。
梧州 广西壮族自治区,,215,2026-03-12,https://x.com/whyyoutouzhele/status/2032036376468668659,网友投稿：3月12日，广西梧州市。中国“特色”领导摆拍种树，种树需要的坑都是挖机提前挖好的。
江苏 江苏,劳工,352,2026-03-09,https://x.com/whyyoutouzhele/status/2030735304336781474,3月7日，江苏。一名车主反映称，他的埃安霸王龙电车后备箱位置有两颗螺丝没拧紧。他怀疑是两班倒的员工，在凌晨两三点迷迷糊糊的状态下装了他这台车。 网友回复：“可能是劳务派遣的临时工或大学生，两班倒带着怨气装了你这台车” “牛马带着怨气干的活儿” “给什么工资干什么活”
广州 广东,,99,2026-03-13,https://x.com/whyyoutouzhele/status/2032426455959769251,“拉去非洲” 3月11日，广东省广州市，网友拍下交警“大丰收”拖车上密密麻麻全是被收缴的电动车。 视频发出后，弹幕网友纷纷表示：”拉去非洲“”马上出口卖给小黑“
台湾 台湾,案事件,183,2026-03-10,https://x.com/whyyoutouzhele/status/2031142999225413911,据央视新闻消息，最高人民法院工作报告披露，台湾“八旗文化”出版社总编辑富察（本名李延贺）因煽动分裂国家罪被依法判刑。法院审理认定其相关行为构成犯罪，判处有期徒刑三年。当事人在宣判时当庭表示服法认罪。
市辖区 重庆,民生,181,2026-03-13,https://x.com/whyyoutouzhele/status/2032207505384706219,3月11日，重庆綦江区羊叉河，一环保博主称：村民反映，小黄河流入羊叉河多年受矿业影响，水质严重污染，昔日清澈、有螃蟹，如今水红无生物，庄稼受害。下雨污染加剧，污水长期沿河直流入羊叉河，相关部门未处理。
黔南布依族苗族自治州 贵州,民生,146,2026-03-15,https://x.com/whyyoutouzhele/status/2032947382069981192,3月14日，贵州省黔南布依族苗族自治州瓮安县。朵云拓展区二期安置房业主反映：朵云二期的安置房，清晰可见房子墙体钢筋裸露，墙体还存在裂缝。
 ,,171,2026-03-12,https://x.com/whyyoutouzhele/status/2031983528318033923,《飞机拉流水线合集》
 ,,246,2026-03-09,https://x.com/whyyoutouzhele/status/2030969349381493079,网友投稿：
--
广东 广东,观点,1,2026-03-16,https://x.com/whyyoutouzhele/status/2033543811092115684,3月15日，广东。一名车主称，他的比亚迪防撞梁不知道是谁焊的“看看这一托鸡屎焊” 网友们表示：“年会吃砂糖桔呢，还想要什么工艺？” “比亚迪食堂的炒饭土豆丝太下饭了，吃晕碳了导致上班焊歪了可以理解” “估计是12小时两班倒打瞌睡没焊接好”
市辖区 重庆,卫生,121,2026-03-16,https://x.com/whyyoutouzhele/status/2033241820835275040,3月14日，重庆市南岸区重庆市第五人民医院新院区。患者家属反映，3月8日该院在为患者使用造影剂时导致其发生过敏反应，家属前往医院门口维权。
长沙 湖南,,40,2026-03-16,https://x.com/whyyoutouzhele/status/2033532484906844491,长沙解放西路事件后续 3月16日，长沙公安发布警情通报，当众实施不雅行为的张某某（男，36岁），唐某某(女，35岁)涉嫌寻衅滋事，已被采取刑事强制措施。 https:// x.com/whyyoutouzhele /whyyoutouzhele/status/2032964995433247005 …
省直辖县级行政区划 海南,案事件,188,2026-03-16,https://x.com/whyyoutouzhele/status/2033226723299656171,3月14日，打拐志愿者“上官正义”发视频称，在文昌市蓬莱镇龙头坡村一砖厂发现一名身份不明的残障男子。 对方在厂内干苦力多年，工头称其已离开，但他随后在厂区角落沙石堆旁找到该人。 当地部门到场后核查，对方只能写出一个名字和一个村，其余信息均不清楚，身份暂未确认。
 ,教育,39,2026-03-16,https://x.com/whyyoutouzhele/status/2033540034478109095,湘雅医院学生群中，有教师刷屏要求学生不要转发扩散有学生自杀的消息。
亳州 安徽,维权,135,2026-03-16,https://x.com/whyyoutouzhele/status/2033279569139220509,3月15日，安徽省亳州市 高新区第九社区铜关村。村民聚集维权，抗议当地政府强拆铜关庙。
阜阳 安徽,民生,156,2026-03-16,https://x.com/whyyoutouzhele/status/2033309769285456126,3月15日，安徽省阜阳市颍上县鲁口镇，村民反映：当地麦地在没有通知农户、未征得群众同意、也未进行青苗补偿的情况下，就被施工队施工拉管子。施工的挖掘机甚至直接碾过村民的田地作业。
北京 北京,国际,95,2026-03-16,https://x.com/whyyoutouzhele/status/2033523677061435737,3月15日，据《金融时报》报道，美国总统特朗普在接受采访时表示，原计划在北京举行的与中国国家主席习近平的会晤可能被推迟。
广州 广东,,354,2026-03-16,https://x.com/whyyoutouzhele/status/2033249370020123122,3月15日，广州315问题车展现场。 几名车企工作人员用遮雨布盖住一辆问界新能源车的车标及车车身上的的标语。 网友发弹幕：“玄武遮布” “丢人现眼”
 ,卫生,208,2026-03-16,https://x.com/whyyoutouzhele/status/2033324867408531947,3月15日，全国多地美宜佳便利店被曝出售卖假烟。 官方通报：经检测，其烟气指标不合格，意味着更高的致癌风险和成瘾性，严重影响消费者健康。 网友表示：“50步数和100步？” “我都已经抽烟了，你还跟我谈健康” ”“真烟不会致癌？”
广东 广东,民生,73,2026-03-16,https://x.com/whyyoutouzhele/status/2033536260388560906,3月15日，广东。一名年迈的环卫工阿姨手持铲子，颤颤巍巍地清理垃圾，每一下动作都显得十分吃力。
 ,案事件,363,2026-03-16,https://x.com/whyyoutouzhele/status/2033256924674986141,【被盗的国保琉璃竟在闲鱼公开售卖】 闲鱼平台一家店铺有人销售“元明时期三彩琉璃屋脊龙纹构件一套”，挂价36666元，而这套构件是全国重点文物保护单位夏禹神祠的正脊琉璃。
香港特别行政区 香港特别行政区,国际,241,2026-03-16,https://x.com/ZhouFengSuo/status/2033213170287042899,转：多伦多大学学生组织的“天安门：从香港到多伦多”讨论会气氛热烈、参与踊跃。三十多人参加，从白发长者到不到二十岁的学生，跨越世代，共同讨论历史与当下。 活动由著名政治学教授Lynette
 ,国际,328,2026-03-16,https://x.com/whyyoutouzhele/status/2033335084355379632,内塔尼亚胡被拍到喝咖啡的那家咖啡馆的 Instagram 账号也发布了内塔尼亚胡的相关照片。 不过，目前依然有大量网友质疑”这些视频和照片都是AI生成的”。
威海 山东,,96,2026-03-16,https://x.com/whyyoutouzhele/status/2033528712382271646,3月11日，山东威海。一博主称，华为音乐只要充值15元，其软件顶部会显示人民大会堂的图片。博主表示：“就冲这个页面，每月交15元就值了，华为的设计师是真的把爱国刻进了骨子里” 网友们感叹华为真正做到了割无死角韭菜。还有网友表示：这碗饭吴京早就吃完了。
澳大利亚 澳大利亚,国际,339,2026-03-16,https://x.com/whyyoutouzhele/status/2033218331553972412,3月15日，伊朗女足队长 扎赫拉·加班巴里 已撤回在澳大利亚提出的庇护申请，计划返回伊朗。 她是继亚洲杯期间申请庇护后又改变决定、返回伊朗的第五名队员。 在2026年亚洲杯期间，伊朗女足因拒唱国歌，引发伊朗政权威胁。随后，共有7名球员及工作人员向澳大利亚申请庇护，大多数人随后撤回了申请。
湖南 湖南,教育,115,2026-03-16,https://x.com/whyyoutouzhele/status/2033526193585319973,3月16日，湘雅医院发布公告，证实23级研究生孙同学于14日晚跳江，目前遗体已经被找到。 中南大学与湖南省卫健委已成立联合调查组。
 ,劳工,145,2026-03-16,https://x.com/whyyoutouzhele/status/2033475861417201945,3月15日，有天眼查员工在内部群中对“绩效升级申请结果”提出异议。 随后，HR在群内逐一@并回怼 对相关消息点赞的员工，并以“背调记录”相威胁
 ,卫生,212,2026-03-16,https://x.com/whyyoutouzhele/status/2033385266279305588,315曝光儿童面霜乱象：部分产品被检出激素、兽药成分 3月15日，央视“3·15晚会”及相关调查再次聚焦儿童护肤产品安全问题。调查显示，一些宣称“无激素”“草本配方”的儿童面霜、抑菌膏产品中，被检出强效激素、抗真菌药物甚至兽药成分。
保定 河北,卫生,275,2026-03-16,https://x.com/whyyoutouzhele/status/2033377727177515084,3月15日，河北保定。网友发视频称，在当地一处菜市场内，一名商贩将已经发霉的橘子用手拂去表面的霉斑后，又重新放回筐中继续售卖。 网友表示：“满城菜市场把发霉的橘子卖给老百姓，这是要毒害满城人。” 目前该视频已被删除。
苏州 江苏,,130,2026-03-16,https://x.com/whyyoutouzhele/status/2033513617346204025,“处长在企业有专属车位” 3月13日，卡车司机丁师傅要将一车货物送进苏州一园区，在入口处遭到保安刁难。 保安见到丁师傅嚣张的说：你办证了没有？我靠~你知不知道，这里可是世界200强的德企！你先把车倒过来然后办证。
上海 上海,,445,2026-03-16,https://x.com/whyyoutouzhele/status/2033339968110682394,此前，马督公此前提出“霸王茶姬咖啡因过量，堪比准毒品”的言论被当作典型案例严肃处理。 该事件在上海SMG新闻综合频道黄金时段新闻节目报道后，3月15日早晨又登上CCTV-13。 央视还专门安排了 长达13分钟的专题报道，详细梳理事件来龙去脉，包括警方的侦查过程与现场抓捕画面。节目中不仅
福建 福建,维权,412,2026-03-16,https://x.com/whyyoutouzhele/status/2033211624257913332,3月14日，福建省。一名居民发视频称自家房屋在自己外出期间被突然强拆，拆迁补偿仅2.7万元。 房主表示，出门时房子还好好的，回家后却发现房屋已被拆毁，水电也被全部断掉。
长沙 湖南,,165,2026-03-16,https://x.com/whyyoutouzhele/status/2033480025153081804,3月15日，长沙解放西路出现模仿者，一名女子在大街上穿着暴露，手持前一日女生同款iPad ，引发路人聚集围观，随后被便衣警察以“涉嫌扰乱公共秩序”为由带走。期间女子不停挣扎大喊：“救命啊，救命啊” https:// x.com/whyyoutouzhele /whyyoutouzhele/status/2032964995433247005 …
莆田 福建,劳工,390,2026-03-16,https://x.com/whyyoutouzhele/status/2033294668239347995,3月15日，福建省莆田市仙游县郊尾镇三和街仙游郊尾中学东北400米。仙游县毅达鞋业有限公司有限公司，欠薪，一名工人和妻子抱着孩子在门口讨薪。工人表示自己凌晨五点在门口等到现在。喊话希望老板能及时结清工资。
 ,观点,478,2026-03-16,https://x.com/whyyoutouzhele/status/2033317316826710410,国内多家媒体集体炒作称，人民大会堂的水壶使用了30年，引发网友集体嘲讽。 评论区集体表示：自己一天工作12个小时都没哭，看到这个视频真哭了。
河北 河北,民生,223,2026-03-16,https://x.com/whyyoutouzhele/status/2033400365706567861,3月11日，河北，一名残疾外卖员在雨中仍然拄着拐杖一瘸一拐地送餐。
 ,,490,2026-03-16,https://x.com/whyyoutouzhele/status/2033302219798278631,媒体报道，中国性价比笔记本品牌驰为（Chuwi）近日陷入CPU欺诈丑闻，被曝出拿老U充当新U。 以高性价比著称的国产笔记本品牌驰为（Chuwi），其CoreBook X笔记本电脑被曝宣传搭载新款锐龙处理器，实际却装配过时型号。 用户反映，自己购买的该型号笔记本，实际使用体验与宣传的新款锐龙5
 ,观点,173,2026-03-16,https://x.com/whyyoutouzhele/status/2033430564087148946,“公开”审理 近日，一律师解读 “公开审理的案件，实则为何难以旁听”。 法律上规定，公民只需持身份证即可申请旁听庭审，但在现实操作中往往难以实现。
河南 河南,案事件,189,2026-03-16,https://x.com/whyyoutouzhele/status/2033506062893298131,3月15日，河南。一男子实名举报称，其被京东陷害，在看守所被无辜羁押了361天，最终无罪释放。这起冤案，导致他的企业直接破产，重点扶贫项目搁置。京东的诬告行为，给他和他的企业造成了毁灭性的打击”
 ,经济,269,2026-03-16,https://x.com/whyyoutouzhele/status/2033468318209003615,3月14日，胖东来再次发布声明：“40亿资产分配”其实沿用了胖东来已经持续二十多年的分配体制，因为近期要建梦之城门店，所以把资产转化为股本，“避免未来出现财务分配问题，目的是让企业明明白白地安全经营和发展”
市辖区 北京,维权,239,2026-03-16,https://x.com/whyyoutouzhele/status/2033415464743756195,“钦点”的“村民代表”是不是“代表”？ 近日，北京市昌平区兴寿镇秦城村。 一次村民代表大会上，村民因质疑 选举程序合法性，而与村委书记发生争执。 村民质疑，参会的村民代表并非由全体村民选举产生，而是由村委书记或村干部直接指定并通知到场，由这些“代表”作出的任何决定都不具备法律效力。
 ,观点,571,2026-03-16,https://x.com/whyyoutouzhele/status/2033352548980289594,3月14日，马克思逝世143周年纪念日。 部分国内媒体发布纪念内容，呼吁网友“停留三秒献花”。 然而在评论区中，也出现了一些颇具反讽意味的留言，有网友表示：“防止西方思想对我国的渗透”“西方那套理论我们要坚决抵制”“不认识这人”，甚至还有人调侃称：“是个好人，可惜死得太晚了。”
上海 上海,案事件,404,2026-03-16,https://x.com/whyyoutouzhele/status/2033362615913869558,上海男子在美团买到假茅台：维权后店铺消失，还被“开盒”骚扰 3月15日，上海。一男子在美团上买到假茅台，投诉维权后遭到骚扰电话轮番轰炸，家庭住址等信息也遭到开盒。
镇江 江苏,经济,582,2026-03-16,https://x.com/whyyoutouzhele/status/2033287124993364243,799元镜片进价仅15元溢价超50倍 3月14日，江苏。在亚洲最大的眼镜产品集散地，被誉为 “中国眼镜之都”的丹阳，记者发现个别商家聊到拿货价格时十分谨慎，只敢在手机上打字悄悄透露，生怕“隔墙有耳”。
北京 北京,民生,353,2026-03-16,https://x.com/whyyoutouzhele/status/2033453215224627451,3月15日，一名女子介绍在北京农村的生活成本：液化气罐40元/瓶；冬天用电高峰期，加上各种补贴，一天电费才5.4元。 对此各省网友们纷纷表达不满：“凭什么首都液化气40元，其他地方都是100多元？” “河北取暖费一个冬天要五六千”
北京 北京,,348,2026-03-16,https://x.com/whyyoutouzhele/status/2033524157107908772,3月14日，被媒体炒作“勤俭、使用了30年的人民大会堂保温瓶”的生产商出来回应：“他们从2010年起开始给人民大会堂供货，16年来坚持派人到北京上门维修这些保温瓶。” 而据网友晒出的商品条码数据查询，这款保温壶上市时间为2015年。
伊朗 伊朗,国际,751,2026-03-16,https://x.com/whyyoutouzhele/status/2033347519313244556,15天前伊朗开战前的领导人合影，开战 15天后，只剩下了树木。
山东 山东,教育,334,2026-03-16,https://x.com/whyyoutouzhele/status/2033498518653215004,3月15日，山东。一名工厂HR表示，自己收到一份硕士生的简历。 HR感叹：“我们这是工厂，你硕士干普工太屈才了吧” 然而这位硕士生却回复：“大哥，我找不到工作了，不做能怎么办呢？”
 ,,662,2026-03-16,https://x.com/whyyoutouzhele/status/2033423018031251492,网友投稿：网购收到了一个“因两会不能发货”的发货通知 3月15日，一网友网购，却收到一个并不是自己购买的手机壳，上面提示：因全国两会召开，期间本产品暂时无法发货。
周口 河南,案事件,328,2026-03-16,https://x.com/whyyoutouzhele/status/2033460762933383609,“73岁老人土地补助卡，被盗刷9.7万” 3月15日，河南周口。73岁的段先生反映称，他名下有一张河南农商银行卡，是大队发的，用来领取土地补助。 但最近卡里的9.7万元不翼而飞，疑似遭到盗刷。 去派出所报案，对方表示，5万元以上归公安局管。 但公安局又说：10万元以上归派出所管。
以色列 以色列,国际,1161,2026-03-16,https://x.com/whyyoutouzhele/status/2033328139712057684,内塔尼亚胡现身，辟谣已死传闻 3月12号，以色列总理内塔尼亚胡发表了一个电视讲话，结果有眼尖的网友进行一帧一帧地分析，发现“内塔尼亚胡抬起右手那会儿是六根手指”，信誓旦旦认定 “内塔尼亚胡已死”，“而这则视频绝对是AI生成视频的穿帮bug， 或是 官方在用AI替身维稳”
 ,观点,1245,2026-03-16,https://x.com/whyyoutouzhele/status/2033234270265717141,3月15日，一名博主评价315晚会：除了给我制造焦虑没有任何好处，它就是每年提醒一下，我吃的是垃圾，我用的也是垃圾，曝光以后消费者该吃还是吃。 我记得前两年的商家企业，大部分罚款都是几十万左右，平均每天罚1000，那不就罚款，那交投流费。
纽约 纽约,国际,714,2026-03-16,https://x.com/whyyoutouzhele/status/2033360442681336197,中国“3·15”打假日当天，纽约中领馆外墙再现讽刺投影 中领馆与行动者上演“光影攻防战” 纽约，3月15日——美东时间今晚8时，海外非营利组织“中国行动”（China Action）第四次在中国驻纽约总领事馆外墙实施大型政治投影。
江苏 江苏,民生,713,2026-03-16,https://x.com/whyyoutouzhele/status/2033392816878223837,3月14日。江苏。一名腿脚不便的老人来医院看病，因为买不起轮椅，只能用坐在两个板凳上，一点点挪着前进。 3月14日，浙江。一名快递员一只胳膊打着点滴，还在坚持送外卖。网友回复：“鼬先生，斑是对的，这个世界已经糟糕透了，在无限月读的世界里，所有人的愿望都能实现”
四川 四川,,424,2026-03-16,https://x.com/whyyoutouzhele/status/2033483411361505668,“文字狱” 3月11日，四川。一名网友在微信顺丰小程序咨询客服能否邮寄草莓时发现，“草”字被系统判定为违禁词，消息无法发送。 他把“草莓”写成“炒莓”，才成功发出。 事后，该网友将聊天截图发布到抖音。视频却被平台以“涉及低俗内容”为由限流。
广州 广东,教育,501,2026-03-16,https://x.com/whyyoutouzhele/status/2033490963067224540,3月15日，广州广交会人才招聘现场，大量毕业生前来求职，现场人山人海，队伍一眼望不到头。 一名参加招聘会的网友表示，这场招聘不过是一场“被精心编排的就业闹剧”。 长长的队伍排得像条绝望的长龙，用我们这群走投无路的应届生，装点出一派虚假繁荣的就业景象。
 ,国际,978,2026-03-16,https://x.com/whyyoutouzhele/status/2033355268893851846,中国驻纽约总领事馆前 行动者和使馆工作人员上演追光大战
美国 美国,国际,788,2026-03-16,https://x.com/whyyoutouzhele/status/2033438113297559571,3月14日，一名在美国的中文老师“强哥”发视频辟谣牢A的“斩杀线”理论。 强哥说：失业交不起月供，政府会有4个月宽限期，不会一失业房子立马消失； 连续五年没交房产税，房子才会进入法拍程序，能买得起上百万的房子应该不缺钱交税；
西宁 青海,案事件,745,2026-03-16,https://x.com/whyyoutouzhele/status/2033445664353657001,3月14日，网传青海西宁一中，三名女初中生仅仅因为快手上的一条评论产生矛盾，在学校体育场约架。 过程中，其中一名女生持刀将两人捅伤，其中一人经抢救无效身亡。随后，持刀女生疑似跳楼身亡。 目前，尚未有国内媒体对该事件进行公开报道
--
